"view_history","rt","trialid","procedure","trial_type","trial_index","time_elapsed","internal_node_id","stimulus","response","question_order"
"[{""page_index"":0,""viewing_time"":809}]","809","Instructions_01","CRT7","instructions","5","3780","0.0-6.0-0.0","","",""
"","1838","CRT7_01","CRT7","survey-text","6","5627","0.0-7.0-0.0","{""Q0"":""1. Un bate y una pelota cuestan  $1100 en total. El bate cuesta $1000 más que la pelota ¿Cuánto cuesta la pelota?""}","{""Q0"":""16""}",""
"","1139","CRT7_02","CRT7","survey-text","7","6768","0.0-8.0-0.0","{""Q0"":""2. Si 5 máquinas se demoran 5 minutos en hacer 5 audífonos ¿Cuántos minutos se demorarían 100 máquinas en hacer 100 audífonos?""}","{""Q0"":""69""}",""
"","1153","CRT7_03","CRT7","survey-text","8","7926","0.0-9.0-0.0","{""Q0"":""3. Parte de la superficie de un lago está cubierta de hojas de lirio. Esta parte, se dobla en tamaño cada día. Si las hojas de lirio demoran 48 días en cubrir el lago completo ¿Cuántos días tardarían en cubrir la mitad del lago?""}","{""Q0"":""76""}",""
"","1217","CRT7_04","CRT7","survey-text","9","9147","0.0-10.0-0.0","{""Q0"":""4. Si José puede tomar un litro de agua en 6 días y María puede tomar un litro de agua en 12 días ¿Cuánto se demorarían ambos en tomar un litro de agua juntos?""}","{""Q0"":""40""}",""
"","1065","CRT7_05","CRT7","survey-text","10","10221","0.0-11.0-0.0","{""Q0"":""5. Pedro recibió la quinceava nota más alta y la quinceava nota más baja en su clase ¿Cuántos estudiantes hay en su clase?""}","{""Q0"":""38""}",""
"","1045","CRT7_06","CRT7","survey-text","11","11271","0.0-12.0-0.0","{""Q0"":""6. Un hombre compra un cerdo a $60000, lo vende a $70.000, lo compra de nuevo por $80000, y lo vuelve a vender finalmente por $90000 ¿Cuánta plata ha ganado?""}","{""Q0"":""20""}",""
"","1306.7000000029802","CRT7_07","CRT7","survey-multi-choice","12","12579","0.0-13.0-0.0","{""Q0"":""<div class='justified'>7. Simón decide invertir $8000000 en el mercado de acciones un día a inicios de 2008. Seis meses después de haber invertido, el 17 de julio, las acciones que había comprado bajaron 50%. Afortunadamente para Simón, desde el 17 de julio hasta el 17 de octubre, las acciones que compró subieron 75%. En este punto, Simón ha:</div>""}","{""Q0"":""Ha perdido dinero""}","[0]"
